efficacy,eff_sup,eff_inf,fungicide
59.199239100885734,65.05082930589523,52.36790868323828,AZOX + TEBU 2X
45.04561808713109,54.690573469450165,33.34755430221053,PIRA + METC 1X
64.87290439861722,69.98004288042199,58.89691512637209,PIRA + METC 2X
60.29240689061154,65.76925474865077,53.93927479628544,TEBU 2X
63.19299163360718,68.7819129235276,56.60349522489714,TFLX + PROT 2X
58.93782487838437,65.1212678782202,51.65815604101752,TFLX + TEBU 2X
